labID,password
L1,1pass
L2,2pass
L3,3pass
L4,4pass
L5,5pass
L6,6pass
L7,7pass
L8,8pass
L9,9pass
L10,10pass
L11,11pass
L12,12pass
L13,13pass
L14,14pass
L15,15pass
L16,16pass
L17,17pass
L18,18pass
L19,19pass
L20,20pass
L21,21pass
L22,22pass
L23,23pass
L24,24pass
L25,25pass
L26,26pass
L27,27pass
L28,28pass
L29,29pass
L30,30pass
L31,31pass
L32,32pass
L33,33pass
L34,34pass
L35,35pass
L36,36pass
L37,37pass
L38,38pass
L39,39pass
L40,40pass
L41,41pass
L42,42pass
L43,43pass
L44,44pass
L45,45pass
L46,46pass
L47,47pass
L48,48pass
L49,49pass
L50,50pass
L51,51pass
L52,52pass
L53,53pass
L54,54pass
L55,55pass
L56,56pass
L57,57pass
L58,58pass
L59,59pass
L60,60pass
L61,61pass
L62,62pass
L63,63pass
L64,64pass
L65,65pass
L66,66pass
L67,67pass
L68,68pass
L69,69pass
L70,70pass
L71,71pass
L72,72pass
L73,73pass
L74,74pass
L75,75pass
L76,76pass
L77,77pass
L78,78pass
L79,79pass
L80,80pass
L81,81pass
L82,82pass
L83,83pass
L84,84pass
L85,85pass
L86,86pass
L87,87pass
L88,88pass
L89,89pass
L90,90pass
L91,91pass
L92,92pass
L93,93pass
L94,94pass
L95,95pass
L96,96pass
L97,97pass
L98,98pass
L99,99pass
L100,100pass
L101,101pass
L102,102pass
L103,103pass
L104,104pass
L105,105pass
L106,106pass
L107,107pass
L108,108pass
L109,109pass
L110,110pass
L111,111pass
L112,112pass
L113,113pass
L114,114pass
L115,115pass
L116,116pass
L117,117pass
L118,118pass
L119,119pass
L120,120pass
L121,121pass
L122,122pass
L123,123pass
L124,124pass
L125,125pass
L126,126pass
L127,127pass
L128,128pass
